商品子类,乳液,套装,水/化妆水,洁面,眼霜,精华,防晒,面膜,面霜
乳液,0.9999999999999944,0.07428982343504777,0.09787288127687917,0.0939590617083788,0.07530066457236577,0.05602021901599809,0.09503137073072931,0.09564057757196409,0.07362923140917983
套装,0.07428982343504777,0.9999999999999906,0.0749737001994869,0.07261854671185564,0.056221509635228054,0.34418907012658045,0.07298416711446842,0.07301563539717439,0.05571827717958412
水/化妆水,0.09787288127687917,0.0749737001994869,1.0,0.09814293622686637,0.07239595857807632,0.05387912767957067,0.09701708105119732,0.09619335329153485,0.07420857474722367
洁面,0.0939590617083788,0.07261854671185564,0.09814293622686637,1.0000000000000018,0.07330121402922021,0.05464782258549226,0.0942551859057281,0.09536608114366323,0.0742420134711758
眼霜,0.07530066457236577,0.056221509635228054,0.07239595857807632,0.07330121402922021,0.9999999999999958,0.34382355731443115,0.07507907341969247,0.0748328480734629,0.0586364130384346
精华,0.05602021901599809,0.34418907012658045,0.05387912767957067,0.05464782258549226,0.34382355731443115,1.0000000000000013,0.05545448773582457,0.05352823944882388,0.3441589811562847
防晒,0.09503137073072931,0.07298416711446842,0.09701708105119732,0.0942551859057281,0.07507907341969247,0.05545448773582457,0.9999999999999993,0.09701548979900425,0.07440289218959613
面膜,0.09564057757196409,0.07301563539717439,0.09619335329153485,0.09536608114366323,0.0748328480734629,0.05352823944882388,0.09701548979900425,1.0000000000000002,0.0719874968242463
面霜,0.07362923140917983,0.05571827717958412,0.07420857474722367,0.0742420134711758,0.0586364130384346,0.3441589811562847,0.07440289218959613,0.0719874968242463,0.9999999999999984
