实际销量,预测销量
92,67.51688
73,73.1678
53,48.91318
94,77.413925
52,43.904797
76,100.585175
94,95.090935
155,161.21019
79,83.14915
108,92.15322
73,77.578384
56,47.594254
86,86.47997
66,41.230927
89,95.780846
85,89.67165
43,44.424076
97,76.76226
75,74.33837
39,46.107216
53,78.769684
68,76.62782
40,44.933514
139,157.10724
75,69.681435
35,39.10865
77,92.726166
83,82.02878
107,88.93879
92,91.4945
84,90.29435
90,74.52883
95,85.99809
54,50.548603
91,84.891525
33,45.097137
82,87.33559
57,72.13469
147,152.31007
80,69.58142
41,43.983112
64,75.026375
54,55.28177
57,81.00501
61,80.300224
36,39.221943
114,86.40335
80,66.32158
56,60.798767
76,73.73336
81,80.22757
34,41.460526
150,147.90883
43,43.777958
26,50.07101
100,87.86511
93,88.20464
77,76.601234
75,71.089096
90,80.030716
55,51.371746
88,86.628426
71,77.33681
77,67.83648
72,85.58698
127,148.01602
33,41.470413
47,48.06626
82,73.73621
76,69.71891
56,49.793316
87,93.867096
72,70.664314
78,85.285446
66,74.75075
78,87.32042
81,90.63954
48,42.794365
93,93.819176
49,42.79859
83,78.85354
69,74.90248
89,88.7074
80,81.14468
137,132.29349
106,81.23702
74,72.48198
82,70.42328
37,42.28032
45,45.20041
87,76.466774
66,68.546585
180,143.34935
50,47.28412
82,85.27945
93,91.96814
90,82.00363
87,73.485954
83,86.932495
74,78.335686
91,80.62786
40,46.456223
44,42.733044
39,37.625893
101,97.428215
76,73.07923
42,46.0369
97,93.55104
152,149.20926
54,42.8173
110,90.353455
77,72.40488
47,39.928406
72,76.3231
91,81.33924
76,70.99919
35,39.6115
92,86.94947
91,95.12424
83,83.587494
96,90.06737
46,46.81672
47,45.74047
28,45.818165
68,72.39238
82,71.05623
85,84.226715
91,92.009796
71,75.20477
80,84.73346
51,37.980694
136,150.0433
87,86.63656
88,82.38393
58,72.673355
62,45.76785
150,124.865974
144,107.76846
140,110.91829
126,94.23905
145,111.82412
194,162.54391
85,55.749863
149,105.224396
99,80.85801
190,161.05417
272,191.75623
71,49.92542
176,133.83284
187,138.76022
154,123.6205
296,173.69296
148,111.460434
82,55.01297
154,133.03644
175,142.48863
148,108.869705
177,129.00177
162,127.23175
101,92.06354
209,165.4292
86,43.551044
165,131.03185
151,135.48827
103,97.874954
198,151.78105
185,150.665
107,96.86646
305,197.10101
182,173.62411
78,55.779915
161,124.42032
198,149.25226
91,94.99782
73,55.76078
158,136.982
193,146.87965
134,140.24446
152,122.97773
216,148.67575
87,74.46453
148,106.4426
313,198.88803
94,81.144844
186,179.82457
187,173.75629
148,146.95079
192,174.27554
154,132.26837
180,169.02924
187,171.56494
88,100.73394
80,85.84992
142,126.18252
178,167.10033
167,141.20189
185,187.15817
72,90.85063
208,181.70381
74,69.95602
179,181.73227
90,96.24719
331,262.5332
83,82.1593
178,177.17183
191,181.99496
127,148.68756
174,181.34967
154,144.52446
166,145.01393
137,144.1004
181,169.33655
91,96.49971
166,146.90042
166,164.21037
181,168.86653
299,360.31403
160,155.6946
158,145.33781
191,177.91257
103,86.666626
157,167.94641
181,168.83649
98,87.6025
80,75.679504
142,151.19716
176,158.56514
167,153.72403
86,80.595894
75,93.01609
137,159.43118
170,168.16
86,77.29569
147,145.29689
176,209.66121
198,166.61974
292,271.09268
127,154.94145
87,90.140854
166,159.42622
132,130.10733
170,163.39932
177,166.1562
264,282.98538
119,132.70064
156,195.2574
118,143.0321
78,90.54377
80,85.03218
157,144.4207
186,149.0057
151,148.25128
150,151.61313
111,88.25138
71,69.31923
188,161.98087
294,274.64685
166,122.1348
180,154.7571
140,146.94109
187,145.3757
91,81.515114
202,159.55981
70,78.42157
104,84.51367
172,114.847336
129,131.34888
189,159.53403
101,79.07009
171,151.66173
174,142.97197
188,143.71956
207,141.75209
354,274.32678
151,132.41602
194,124.80034
191,155.67232
153,147.12708
79,81.497955
147,131.345
89,81.80981
199,155.65192
83,77.363884
144,140.75436
103,86.41502
158,148.16188
185,148.89867
338,387.8088
157,142.64145
87,87.48831
213,158.70511
170,157.04253
165,154.6157
88,85.61303
152,144.73784
169,133.39903
185,149.48523
82,79.76235
173,158.14502
76,80.277565
200,141.7127
298,346.8997
98,94.46674
122,148.69388
101,85.34685
98,83.18344
187,158.58719
174,163.25822
201,151.49228
142,135.99689
150,136.88405
156,160.79059
172,145.73003
93,88.62085
152,146.71094
154,142.35252
121,88.71005
278,264.36914
106,94.298775
152,147.46872
185,146.69466
191,151.90366
153,155.33586
141,155.8719
160,143.08139
102,76.53801
162,157.92224
181,158.33553
81,80.03155
152,141.00734
302,252.54005
72,84.97567
120,141.02913
178,158.4805
91,79.15941
98,89.22501
81,80.74446
140,145.78955
192,200.84587
183,154.3285
141,143.77644
160,148.49501
148,146.68794
185,145.98228
169,157.78217
104,90.34613
200,158.50502
110,91.34892
77,95.82198
166,147.45126
201,157.67406
183,159.20987
91,77.56035
188,163.15083
218,195.98497
173,196.27539
174,135.43536
152,148.06618
319,252.22011
190,149.48761
156,140.09941
109,86.93702
146,145.91168
126,145.59676
75,77.12183
183,153.33662
172,149.71057
169,154.9861
166,151.20232
162,139.10687
169,148.6815
326,352.20312
80,76.730705
144,145.58817
84,84.141266
178,142.54645
150,147.97908
161,142.82985
176,153.73582
179,156.27074
138,143.25417
161,137.06958
96,78.29301
194,143.77834
147,144.77588
173,142.78282
84,84.763084
81,86.55825
94,87.31333
242,364.4626
203,153.36604
106,74.39259
130,145.72588
193,153.6069
155,156.16383
182,147.38852
88,90.54477
156,150.05861
169,154.2566
294,277.03577
144,151.55167
170,158.0586
74,81.53028
87,87.59017
161,142.29308
189,141.76378
172,156.532
209,163.20787
177,157.59627
149,146.15402
154,145.28682
86,86.563446
175,151.66675
165,140.33809
142,151.73785
88,89.899666
365,262.79666
97,88.71421
88,79.91891
239,141.06754
88,83.03858
205,142.75085
124,140.45102
189,156.78474
187,157.2637
83,94.70685
263,384.51877
171,153.15385
86,76.58109
200,158.32957
156,151.27415
115,86.530464
164,147.89111
150,143.4144
200,153.8753
184,156.3543
159,141.81589
118,79.2796
91,84.0699
152,137.5143
184,191.66759
189,191.77216
165,143.1254
140,149.15619
184,157.89908
194,184.91644
156,153.47806
93,92.33951
101,85.28825
281,251.08589
88,90.26675
116,88.7593
192,145.49776
133,145.63887
67,75.99883
144,152.14566
95,86.29211
194,201.35455
125,138.92973
160,145.75813
167,193.80998
181,157.62065
163,147.72205
190,142.74097
282,247.93913
47,76.02063
69,127.16034
82,131.95966
108,163.63515
69,113.74398
89,146.01706
107,161.87192
46,65.2586
96,154.53685
179,274.61743
86,154.09988
100,144.86938
75,142.18018
53,97.26742
41,69.81382
105,110.82761
78,74.82036
80,154.429
108,102.864044
69,71.30497
122,138.10612
95,112.25853
148,255.82689
38,97.18814
46,104.77444
91,98.77439
86,80.88007
45,103.267456
97,135.29604
39,93.054184
84,128.0874
93,118.13143
53,93.45599
78,108.37427
87,146.78944
175,262.39758
77,73.472496
90,145.9055
63,104.64849
118,129.99347
80,140.11284
39,92.221054
48,91.21618
105,107.1835
55,54.01786
78,136.32207
50,101.11618
54,91.08539
96,128.96472
63,93.52863
38,103.6443
125,109.37016
89,112.68318
62,103.27997
106,101.09023
69,70.237465
94,104.27159
74,130.38893
156,251.36809
89,106.379395
90,89.56531
80,90.70349
105,103.14121
71,94.60732
69,109.82852
78,115.24596
70,85.22547
52,108.50175
42,50.220642
109,133.12607
52,78.21948
82,78.46166
135,223.71997
101,134.98691
38,100.57844
86,103.06021
98,91.788086
78,75.08519
50,49.827183
109,106.68814
80,109.59534
135,162.73529
74,76.57267
91,79.43887
84,115.15971
80,92.8606
51,47.798317
67,91.760826
63,42.415176
26,79.614136
75,75.42503
77,76.23263
72,80.314804
91,91.28943
53,43.397614
39,38.651188
96,86.72145
66,81.51683
36,47.704987
102,97.19333
90,80.053795
44,43.47473
91,80.97991
108,103.89946
133,144.1388
103,73.70744
45,49.996128
66,87.54692
94,90.475365
76,76.55624
51,41.36134
62,77.853485
96,90.42814
31,45.985092
73,76.33571
129,135.83875
47,42.828144
68,76.2518
87,77.00231
78,86.405014
27,38.169594
68,70.61216
71,71.893295
95,85.42665
45,48.984695
52,42.93695
105,92.02608
160,140.90326
100,77.56071
82,97.77574
45,50.54713
71,75.983284
73,72.98941
102,87.74573
103,98.93309
87,84.017944
69,78.57345
62,70.461624
81,100.08283
72,81.20058
108,94.3078
52,47.00027
34,43.727333
68,44.45094
101,83.72797
84,73.827415
84,82.20023
156,146.17058
51,43.02289
73,93.37227
86,99.55545
53,47.207996
183,148.93643
39,49.002647
86,80.690315
76,86.91307
102,92.163055
89,84.95708
88,96.86224
82,90.16746
45,42.47743
77,79.18799
70,76.00276
111,89.25388
39,42.379555
93,95.94945
84,84.663445
42,43.97475
45,52.872566
88,99.314804
37,40.82767
54,45.300922
68,75.78704
78,92.87209
83,84.1116
87,77.77319
85,90.190346
76,74.25627
157,150.76994
105,95.094086
32,40.039177
36,44.538673
35,43.447254
88,77.00234
72,99.64073
83,87.283875
163,149.6588
74,73.11584
64,83.17725
25,41.53752
73,74.40815
88,90.58275
96,98.13353
98,100.58038
80,90.72669
84,76.03354
69,48.230957
164,138.35527
189,169.34637
109,121.061386
181,162.18677
234,236.40569
182,147.21233
234,232.56584
316,269.8003
97,83.6541
196,174.36989
182,157.73907
243,237.8369
230,229.5399
229,171.36804
176,144.99258
103,93.56709
214,169.97699
212,184.22311
187,182.86192
117,101.48979
114,77.57463
161,138.55685
204,185.0951
180,144.07384
217,182.47072
119,101.30801
166,139.54967
362,347.62512
252,228.73479
196,199.62845
425,409.72238
235,176.40128
217,168.88774
91,100.46844
196,143.93593
146,120.53544
172,149.46683
110,100.566505
267,173.94997
231,164.24628
109,101.76432
191,154.07129
220,183.19447
91,98.36521
104,124.426445
173,164.68678
215,218.2104
215,172.24521
166,166.57674
410,435.96744
191,171.24666
267,182.87071
131,116.163246
220,192.53369
244,241.14104
105,99.44846
221,192.20201
200,171.2082
114,145.9046
176,179.50981
211,181.44083
198,184.86992
128,107.71258
121,122.78337
239,183.84792
119,109.91505
244,193.62102
217,197.6277
223,178.18681
188,171.98795
333,415.9666
214,179.16676
228,174.42415
213,180.54861
178,185.26357
244,205.36563
125,119.18645
99,122.19878
206,190.71252
200,185.62097
119,108.46011
225,212.07727
350,367.22534
190,178.05548
210,212.80995
192,169.4246
247,207.80086
125,113.125694
101,107.19237
202,187.26747
202,226.30746
102,116.23158
256,250.13248
192,209.716
109,116.67397
218,230.94514
256,233.34842
197,161.82738
198,202.42976
233,244.04054
209,217.07962
95,115.3316
376,339.88113
126,110.46192
88,110.36232
191,197.25342
208,236.49696
119,111.49168
254,273.80072
261,241.9704
158,194.1044
161,196.53844
180,197.24568
357,340.8532
225,240.5876
132,107.29584
249,219.10025
195,219.50812
218,184.82768
234,161.67485
125,106.482796
111,97.41141
114,100.143105
206,158.19359
183,168.27367
253,258.77374
403,387.75775
150,122.24069
211,191.5795
255,201.76936
215,190.91415
202,152.87234
229,199.97322
240,182.65523
254,158.15666
230,167.34174
216,161.69888
208,144.52661
109,124.78892
194,151.19226
99,103.305046
388,418.71075
109,110.56476
118,86.90862
206,241.82104
170,174.84447
233,214.56706
205,165.9899
201,156.86131
101,102.59691
121,111.52411
121,108.8328
228,252.38455
385,393.57568
194,145.13272
234,190.1607
192,142.6008
281,211.52531
215,184.58177
200,190.49838
179,164.43425
258,200.68921
106,112.25025
210,234.04428
172,146.84198
207,159.89041
233,192.7549
196,154.14804
365,395.19177
124,112.14044
270,195.19835
186,148.65741
254,255.08331
130,102.69618
129,110.505745
121,127.291214
218,192.60559
186,156.47014
244,193.6396
104,101.49056
98,104.913124
231,189.8395
201,157.19408
227,205.71695
104,101.06552
188,161.73228
256,228.18806
165,176.04184
194,175.2533
107,111.132454
198,189.37949
352,394.3858
181,148.4659
116,114.24076
220,261.1614
115,113.45066
124,107.80786
178,147.2198
201,147.5113
200,223.808
205,223.9905
105,101.17588
187,188.51814
398,344.32532
255,238.86768
198,187.24294
255,229.8792
244,228.34885
343,391.8399
91,108.57284
179,188.6253
203,202.64885
180,216.50099
211,223.04936
178,147.32382
217,241.93282
134,110.81884
103,111.51533
267,242.42383
224,236.73824
199,219.59047
86,107.49681
195,201.17876
137,343.82333
94,146.65933
71,139.62437
78,150.75772
70,143.74448
87,162.84224
65,167.92738
67,119.11933
64,156.81076
32,88.639496
37,85.387146
48,78.85895
72,150.2168
75,122.22827
37,96.41327
55,107.990585
86,122.66591
71,144.39418
72,147.81966
75,107.13414
139,241.25545
74,107.05566
62,88.03596
39,91.57181
51,71.13189
115,123.36188
80,112.872406
71,114.169525
90,148.9664
49,62.29708
83,116.08373
66,102.32753
98,140.47397
42,102.75782
104,124.610306
98,85.54894
77,115.31261
118,241.17184
78,155.28575
79,88.86385
44,62.000664
73,120.994835
34,72.49331
87,96.611046
40,46.60441
108,139.49382
93,122.21865
47,51.277634
51,53.520912
88,130.56725
49,53.70215
92,114.966545
102,133.17928
34,38.403103
106,164.33951
96,117.623505
153,188.11284
67,121.28643
97,155.94717
74,127.000786
63,65.73123
88,146.5422
143,339.0755
69,105.33164
37,79.79025
51,83.95442
65,120.117546
85,191.73427
63,123.75788
94,158.03235
91,154.37451
38,74.88196
82,133.96318
83,148.35342
84,111.91781
42,29.834507
72,83.54998
101,112.61339
49,45.869953
136,238.03392
95,103.49293
34,56.824257
39,55.619606
52,176.44063
72,68.60599
70,114.77066
102,113.04466
52,82.20011
74,77.61681
103,111.637146
38,31.833029
101,83.17023
45,42.085556
113,83.45338
123,82.84489
121,94.33339
85,70.99409
74,74.18076
67,43.87734
125,83.10365
120,68.1974
104,78.04365
62,46.524376
74,74.30292
203,142.28375
73,74.370865
143,156.33691
62,87.382
90,88.00734
69,72.332756
26,36.786953
43,41.964813
86,80.965904
100,93.07275
64,81.93377
49,67.416145
79,89.11466
82,91.57036
41,46.12711
28,40.224518
